wav_filename,wav_filesize,transcript
/media/shamim/New Volume/content/nl/MP3/wav/40d9f0a0d4.wav,80044,সপ্তম শ্রেণীর ছাত্রী 
/media/shamim/New Volume/content/nl/MP3/wav/4e394d78a9.wav,51244,জানা গেলো
/media/shamim/New Volume/content/nl/MP3/wav/4da5f6d259.wav,124844,টুইটারে গণমাধ্যমের প্রতি
/media/shamim/New Volume/content/nl/MP3/wav/40edc380e1.wav,86444,প্যাডেল করে 
/media/shamim/New Volume/content/nl/MP3/wav/46d5c4fb73.wav,144044,মরুভূমি
/media/shamim/New Volume/content/nl/MP3/wav/46b48bf692.wav,76844,শিক্ষক ও শিক্ষার্থীরা
/media/shamim/New Volume/content/nl/MP3/wav/46e6f280dc.wav,115244,জানানো হলে বাংলাদেশের সরকার 
/media/shamim/New Volume/content/nl/MP3/wav/49de03c3ce.wav,140844,তাঁহাদিগের কৃত ভক্তিব্যাখ্যা
/media/shamim/New Volume/content/nl/MP3/wav/49cd21f839.wav,83244,কাজী নিপু 
/media/shamim/New Volume/content/nl/MP3/wav/488909c243.wav,118444,প্রতিষ্ঠিত হওয়ার সঙ্গে সঙ্গে
/media/shamim/New Volume/content/nl/MP3/wav/4cff3563dc.wav,105644,অন্যদিনের মতো এখন
/media/shamim/New Volume/content/nl/MP3/wav/47373a1e77.wav,99244,রমজানের প্রথম দিন
/media/shamim/New Volume/content/nl/MP3/wav/42af0dbe43.wav,67244,অনেক পণ্য
/media/shamim/New Volume/content/nl/MP3/wav/4c282c5bc7.wav,121644,মুসা ইব্রাহীম বিতর্ক
/media/shamim/New Volume/content/nl/MP3/wav/47be37711c.wav,134444,পিছনে সরিয়া আসিতেছে
/media/shamim/New Volume/content/nl/MP3/wav/4d2cc4e225.wav,124844,আপাতত রেঞ্চটা হাতে নিল অলি
/media/shamim/New Volume/content/nl/MP3/wav/4e4fcf0e8b.wav,156844,অ্যাডেলে তার
/media/shamim/New Volume/content/nl/MP3/wav/4fd5913f54.wav,70444,হাঁস মুরগি
/media/shamim/New Volume/content/nl/MP3/wav/4a3cb72047.wav,124844,শালীন পোশাক প্যান্ট শার্ট
/media/shamim/New Volume/content/nl/MP3/wav/40f9124f98.wav,92844,তবে কলকাতার মধ্যে
/media/shamim/New Volume/content/nl/MP3/wav/4523ebe193.wav,92844,পরিকল্পনা করার সুযোগ আছে
/media/shamim/New Volume/content/nl/MP3/wav/4e50dc7e38.wav,92844,ঠিক সেই কাজে
/media/shamim/New Volume/content/nl/MP3/wav/47a0f8049e.wav,147244,অ্যানথ্রাক্স একটি আমেরিকান
/media/shamim/New Volume/content/nl/MP3/wav/45ae595110.wav,124844,এমনকি উপলব্ধির দ্বারা দ্বিখণ্ডিত।
/media/shamim/New Volume/content/nl/MP3/wav/4cb8631ed9.wav,108844,গির্জা সিনেগগ  
/media/shamim/New Volume/content/nl/MP3/wav/41c6924650.wav,105644,মিয়ানমার সরকার
/media/shamim/New Volume/content/nl/MP3/wav/4f41c7ae9f.wav,57644,বিহার
/media/shamim/New Volume/content/nl/MP3/wav/4de35fb684.wav,118444,তাদের প্রতিবেদন দিয়েছে
/media/shamim/New Volume/content/nl/MP3/wav/4cfcdf7b3a.wav,73644,ছিনতাই ডাকাতিসহ
/media/shamim/New Volume/content/nl/MP3/wav/49804a250d.wav,73644,হামিদুল ও একই গ্রামের
/media/shamim/New Volume/content/nl/MP3/wav/4a89c0a718.wav,102444,আর যিনি অগ্নির সহিত
/media/shamim/New Volume/content/nl/MP3/wav/482db50f60.wav,112044,সারাদেশ থেকে আসা
/media/shamim/New Volume/content/nl/MP3/wav/480360bd08.wav,83244,আরো কিছু সংশোধন
/media/shamim/New Volume/content/nl/MP3/wav/451c0e0a95.wav,70444,বাঁধন
/media/shamim/New Volume/content/nl/MP3/wav/4fcbe0daa3.wav,121644,পর্যাপ্ত ট্যাক্সিক্যাব নামানোর
/media/shamim/New Volume/content/nl/MP3/wav/48eab6945f.wav,112044,তেহরানে মার্কিন দূতাবাস
/media/shamim/New Volume/content/nl/MP3/wav/42064ac4eb.wav,108844,আইনের ঊর্ধ্বে রাখা হয়েছে
/media/shamim/New Volume/content/nl/MP3/wav/49c2090f61.wav,115244,তারা পছন্দ করে
/media/shamim/New Volume/content/nl/MP3/wav/4dad05d383.wav,144044,কেনাকাটা করতে যাওয়ার
/media/shamim/New Volume/content/nl/MP3/wav/4a96f2c75f.wav,96044,ইউনিট হিসেবে
/media/shamim/New Volume/content/nl/MP3/wav/4b948e27cf.wav,156844,চিত্রিণী প্রমাণ শরীর
/media/shamim/New Volume/content/nl/MP3/wav/442d205fbd.wav,124844,একটি নতুন বিজিবি আইন
/media/shamim/New Volume/content/nl/MP3/wav/464c99d99c.wav,128044,সমৃদ্ধ ইতিহাস রয়েছে
/media/shamim/New Volume/content/nl/MP3/wav/45c79317eb.wav,99244,স্থগিত করা
/media/shamim/New Volume/content/nl/MP3/wav/4bb4b34225.wav,124844,তাঁর অসামান্য অবদানের জন্য প্রাপ্য
/media/shamim/New Volume/content/nl/MP3/wav/4aac01a94f.wav,86444,আপাতত ভরসা
/media/shamim/New Volume/content/nl/MP3/wav/45d7c4cdb2.wav,70444,একটি ভদ্রলোক
/media/shamim/New Volume/content/nl/MP3/wav/4b077529c3.wav,89644,সম্মেলনে যোগ দিচ্ছে
/media/shamim/New Volume/content/nl/MP3/wav/4f227369a6.wav,96044,যশোদার ঘরে প্রবেশ করে
/media/shamim/New Volume/content/nl/MP3/wav/4f4542bbef.wav,102444,নৌকার ছবি
/media/shamim/New Volume/content/nl/MP3/wav/4dd8552a11.wav,70444,৩চার বছর বয়স্ক
/media/shamim/New Volume/content/nl/MP3/wav/4a8eaea2d9.wav,188844,পক্ষান্তরে ব্রাহ্মণকন্যা দেবযানী
/media/shamim/New Volume/content/nl/MP3/wav/4d20357c23.wav,89644,পানি ঢালিয়া দিতেছিল
/media/shamim/New Volume/content/nl/MP3/wav/4ddb810fee.wav,176044,মাত্র তিন লাখ ২০ হাজার
/media/shamim/New Volume/content/nl/MP3/wav/45bafd38f0.wav,137644,ঢাকা বিশ্ববিদ্যালয় ক্যাম্পাসে
/media/shamim/New Volume/content/nl/MP3/wav/4d931edcf7.wav,150444,কারাবরণ করেছিলেন
/media/shamim/New Volume/content/nl/MP3/wav/4d9af92856.wav,73644,তিনি বিবাহিত
/media/shamim/New Volume/content/nl/MP3/wav/4d48efc8ba.wav,102444,মুক্তিপণের বিনিময়ে
/media/shamim/New Volume/content/nl/MP3/wav/48ed95a77b.wav,131244,এটি শিল্পবোদ্ধা তো বটেই
/media/shamim/New Volume/content/nl/MP3/wav/4b4ba6a718.wav,102444,অবশ্য বলছে
/media/shamim/New Volume/content/nl/MP3/wav/4f69c79b28.wav,92844,পূর্ব লন্ডনের বাসিন্দা
/media/shamim/New Volume/content/nl/MP3/wav/451a5d80f8.wav,105644,রেখেছিলেন সিমেওনে
/media/shamim/New Volume/content/nl/MP3/wav/4fb857ca03.wav,102444,তাতে মনে হয়
/media/shamim/New Volume/content/nl/MP3/wav/4d4dab53da.wav,131244,যখন অনুরূপ সঙ্কট হয়েছিল
/media/shamim/New Volume/content/nl/MP3/wav/4c477a9fff.wav,89644,কিছু কথা
/media/shamim/New Volume/content/nl/MP3/wav/4b50524132.wav,112044,সম্মিলিত হয়ে
/media/shamim/New Volume/content/nl/MP3/wav/45a43dd04c.wav,137644,অবস্থিত একটি ঐতিহাসিক ঘাট
/media/shamim/New Volume/content/nl/MP3/wav/41bd854650.wav,92844,মুখ কালো করে
/media/shamim/New Volume/content/nl/MP3/wav/41c1259dcc.wav,73644,মীরাক্কেল
/media/shamim/New Volume/content/nl/MP3/wav/47350d1fe2.wav,83244,বল কাজ করে
/media/shamim/New Volume/content/nl/MP3/wav/411fd964eb.wav,89644,কোথায় তিনি খুঁজে পাবেন
/media/shamim/New Volume/content/nl/MP3/wav/41ed71f523.wav,160044,হিসাবধারী শিশু কিশোরদের
/media/shamim/New Volume/content/nl/MP3/wav/4204d12c11.wav,76844,শুরু করলো
/media/shamim/New Volume/content/nl/MP3/wav/43061eb2b5.wav,112044,কেন এগুলো লাগানো হয়েছে
/media/shamim/New Volume/content/nl/MP3/wav/4c7d207f93.wav,240044,ডিজাইন রুটস এবার ঈদে হাজির হয়েছে নান্দনিক রং ও নকশার পোশাক নিয়ে।
/media/shamim/New Volume/content/nl/MP3/wav/4ece5c3884.wav,115244,বিয়ের পর পরিবারের থেকে
/media/shamim/New Volume/content/nl/MP3/wav/4cae4d1a55.wav,153644,কোথাও অসুবিধা হলে
/media/shamim/New Volume/content/nl/MP3/wav/4831967462.wav,83244,বাইবেলের গল্প অনুযায়ী
/media/shamim/New Volume/content/nl/MP3/wav/4a5f3931da.wav,150444,এই লাডি লইয়া আয়
/media/shamim/New Volume/content/nl/MP3/wav/41d8cd3efd.wav,153644,পরিদর্শন শেষে তারা
/media/shamim/New Volume/content/nl/MP3/wav/4d300c7dc1.wav,115244,দেখো না ছোটখাটো একটা
/media/shamim/New Volume/content/nl/MP3/wav/4184a12d3e.wav,105644,আমরা নিয়ে যাই বাংলা বিভাগে
/media/shamim/New Volume/content/nl/MP3/wav/4a55d72871.wav,92844,প্রধানমন্ত্রীর কার্যালয়ে
/media/shamim/New Volume/content/nl/MP3/wav/4913fb52f6.wav,144044,শান্তি রঞ্জন চাকমার সন্তান
/media/shamim/New Volume/content/nl/MP3/wav/4f7609c98a.wav,140844,বিশ্বকাপে সেই পুরনো চিত্র
/media/shamim/New Volume/content/nl/MP3/wav/4a07d8131b.wav,86444,দেশের নাম
/media/shamim/New Volume/content/nl/MP3/wav/4bf4b09962.wav,75626,সবচেয়ে বড় চালান বলে
/media/shamim/New Volume/content/nl/MP3/wav/41f46778db.wav,115244,ইরান ফুটবল ফেডাশনের
/media/shamim/New Volume/content/nl/MP3/wav/4f01faf012.wav,89644,এর শেষ করা যাবে না
/media/shamim/New Volume/content/nl/MP3/wav/49b6075711.wav,121644,সে অনুযায়ী ব্যবস্থা নেওয়া হবে
/media/shamim/New Volume/content/nl/MP3/wav/49f21901f4.wav,115244,একটা জন্তু বা জীবের মধ্যে
/media/shamim/New Volume/content/nl/MP3/wav/4c99168c5f.wav,105644,রাজনৈতিক দল
/media/shamim/New Volume/content/nl/MP3/wav/429b14e50d.wav,105644,তারা এই রিমান্ড
/media/shamim/New Volume/content/nl/MP3/wav/4160719afe.wav,169644,আইআইজিগুলো নির্বিঘ্নে ব্যবসা করতে পারবে
/media/shamim/New Volume/content/nl/MP3/wav/44eda48684.wav,118444,নির্বাচনে বিভিন্ন দলের প্রার্থীরা
/media/shamim/New Volume/content/nl/MP3/wav/4f913fb01e.wav,102444,অনুরোধ করিলেন যে
/media/shamim/New Volume/content/nl/MP3/wav/4b97c82681.wav,105644,ব্যক্তি নিরাপত্তার
/media/shamim/New Volume/content/nl/MP3/wav/4761cb7d25.wav,105644,বোমাগুলো উদ্ধার করে
/media/shamim/New Volume/content/nl/MP3/wav/4ae531f7fc.wav,320044,৪চার হাজার ৮৬চার কোটি টাকার
/media/shamim/New Volume/content/nl/MP3/wav/4191713ea8.wav,166444,সমাবেশে এক সময়ের রাজনৈতিক শিষ্য
/media/shamim/New Volume/content/nl/MP3/wav/4b840c71d9.wav,70444,সকলেই খুলে বসে
/media/shamim/New Volume/content/nl/MP3/wav/42d475d546.wav,163244,সাধারণত যে প্রসঙ্গটি
/media/shamim/New Volume/content/nl/MP3/wav/46eb06b754.wav,67244,এক আট দলের
/media/shamim/New Volume/content/nl/MP3/wav/44976f36b1.wav,118444,মাথায় স্বাভাবিকভাবে
/media/shamim/New Volume/content/nl/MP3/wav/4f1eb52f1b.wav,89644,তারা মেয়েরা সব
/media/shamim/New Volume/content/nl/MP3/wav/45948c402b.wav,182444,৬৮০ রাউন্ড গুলি পান
/media/shamim/New Volume/content/nl/MP3/wav/4f459c4734.wav,102444,ফিক্সিং এর অভিযোগ উঠেছে
/media/shamim/New Volume/content/nl/MP3/wav/44243a14d8.wav,92844,এই সুযোগটা নেবে
/media/shamim/New Volume/content/nl/MP3/wav/4f0c9afbc5.wav,89644,ডানাকিল যোদ্ধারা
/media/shamim/New Volume/content/nl/MP3/wav/4e213fbd91.wav,172444,মৃত্যু ২০ মার্চ এক ৯৮৮
/media/shamim/New Volume/content/nl/MP3/wav/4ad9025476.wav,92844,আকাশ চৌধুরী
/media/shamim/New Volume/content/nl/MP3/wav/410349c554.wav,75936,জাহানারা তাঁর বড় ভাই
/media/shamim/New Volume/content/nl/MP3/wav/47e3a4a798.wav,96044,অত কঠিন দৃষ্টিতে
/media/shamim/New Volume/content/nl/MP3/wav/41fe55476a.wav,92844,রাস্তায় সমাবেশ কর
/media/shamim/New Volume/content/nl/MP3/wav/44b4ea3510.wav,172844,ধর্ষণ নারীর
/media/shamim/New Volume/content/nl/MP3/wav/477944857d.wav,128044,এবং রাজনৈতিক দল
/media/shamim/New Volume/content/nl/MP3/wav/47a84ef9ec.wav,102444,জরিমানাও করা হয়
/media/shamim/New Volume/content/nl/MP3/wav/4522d20c21.wav,121644,ফলে মঙ্গলবারের দুর্ঘটনার
/media/shamim/New Volume/content/nl/MP3/wav/45831db2a3.wav,115244,নানা ধরনের আঘাতের ধারাবাহিকতায়
/media/shamim/New Volume/content/nl/MP3/wav/4ce7844f6a.wav,124844,এগিয়ে চলেছ
/media/shamim/New Volume/content/nl/MP3/wav/4d29051a11.wav,124844,নেশা বা খ্যাপামি
/media/shamim/New Volume/content/nl/MP3/wav/4c15c1a96f.wav,112044,আনন্দের সূক্ষ্ম এক অনুভূতি
/media/shamim/New Volume/content/nl/MP3/wav/4103d13d49.wav,102444,কর্মজীবী নারীরও কি উচিত
/media/shamim/New Volume/content/nl/MP3/wav/4721bb20e0.wav,121644,বলিউডের এ হট গার্ল
/media/shamim/New Volume/content/nl/MP3/wav/4aab3ea32a.wav,83244,বন্ধ করে দেয়া হয়েছে
/media/shamim/New Volume/content/nl/MP3/wav/42e0a5c0c2.wav,108844,ভালোবাসার তরণি ভাসিয়েছেন
/media/shamim/New Volume/content/nl/MP3/wav/4fe67d0716.wav,185644,নিক্ষেপকারীরাই অধিক ঝাঁজের মুখে পড়েন
/media/shamim/New Volume/content/nl/MP3/wav/4d8fa91087.wav,70444,পৃথিবীর ইতিহাস
/media/shamim/New Volume/content/nl/MP3/wav/4aec786c28.wav,176044,ইন্টেল ৮০৮০ সিপিইউ
/media/shamim/New Volume/content/nl/MP3/wav/4c1435dc68.wav,230444,বাংলাদেশের স্বরাষ্ট্রমন্ত্রী জানিয়েছেন এখানে রাজনৈতিক আশ্রয়ের জন্য অনুপ চেটিয়ার আবেদন সুপ্রিম কোর্টে রয়েছে।
/media/shamim/New Volume/content/nl/MP3/wav/41fab1f63c.wav,147244,পার্লামেন্টের এমপিদেরকে একথা বলেছেন
/media/shamim/New Volume/content/nl/MP3/wav/4e81c88dcb.wav,144044,চন্দ্রাবতী একাডেমি প্রকাশিত
/media/shamim/New Volume/content/nl/MP3/wav/4b0f56efbb.wav,67244,বাঁধা অবস্থায় ছিল
/media/shamim/New Volume/content/nl/MP3/wav/48d589e4e8.wav,99244,গড়ে তুলে
/media/shamim/New Volume/content/nl/MP3/wav/4a642a55b8.wav,112044,যখন এ ধরনের নববধুদের নিয়ে
/media/shamim/New Volume/content/nl/MP3/wav/4d317a722c.wav,86444,গত বছরের জুনে
/media/shamim/New Volume/content/nl/MP3/wav/46b20312ca.wav,140844,ঠিক বলেছ দাদা
/media/shamim/New Volume/content/nl/MP3/wav/48b83bfd8c.wav,179244,তার বাবা মুয়াম্মার গাদ্দাফি
/media/shamim/New Volume/content/nl/MP3/wav/4b4436beb0.wav,64044,এই গাছ
/media/shamim/New Volume/content/nl/MP3/wav/442843b4fc.wav,105644,জাফর ইকবাল উপন্যাস
/media/shamim/New Volume/content/nl/MP3/wav/46f44ca810.wav,137644,স্পিকার মীরা কুমারসহ
/media/shamim/New Volume/content/nl/MP3/wav/42cd7e3908.wav,131244,সারাবিশ্বে আল কায়দা যখন
/media/shamim/New Volume/content/nl/MP3/wav/456576c209.wav,166444,তাহার মধ্যে একটি পদ পুঁথি
/media/shamim/New Volume/content/nl/MP3/wav/49330ad3b1.wav,166444,অ্যাবা অবস্থান করেছে
/media/shamim/New Volume/content/nl/MP3/wav/4b9606fb1d.wav,121644,এখনো তার রয়েছে
/media/shamim/New Volume/content/nl/MP3/wav/4ec7e669a2.wav,153644,বিশ্বের বৃহত্তম গণতন্ত্রের
/media/shamim/New Volume/content/nl/MP3/wav/4b29ccb688.wav,92844,কয়েকটি গাড়ি ভাংচুর হয়
/media/shamim/New Volume/content/nl/MP3/wav/446589921c.wav,86444,ছন্দমালা
/media/shamim/New Volume/content/nl/MP3/wav/44ecfd0da0.wav,112044,বসন্ত নাটিকা উৎসর্গ করেন
/media/shamim/New Volume/content/nl/MP3/wav/41024a60a5.wav,118444,প্রবৃদ্ধির হার কমে
/media/shamim/New Volume/content/nl/MP3/wav/46bf4f84de.wav,96044,সাধারণতঃ একই ধরনের
/media/shamim/New Volume/content/nl/MP3/wav/4a313b759a.wav,96044,মি শ্যারন পরোক্ষভাবে
/media/shamim/New Volume/content/nl/MP3/wav/4c561dd179.wav,96044,দ্বি পাক্ষিক সফর নির্ভর করবে
/media/shamim/New Volume/content/nl/MP3/wav/49d99f9f61.wav,44322,ক্যাচটি তালুবন্দী করেন
/media/shamim/New Volume/content/nl/MP3/wav/42344240be.wav,188844,৮৫তিন কোটি টাকা বেশি
/media/shamim/New Volume/content/nl/MP3/wav/418fe1903f.wav,108844,বরফ অবস্থায় ছিল
/media/shamim/New Volume/content/nl/MP3/wav/4c6eb61629.wav,96044,হাসপাতালের বাতাস
/media/shamim/New Volume/content/nl/MP3/wav/41211dbaff.wav,105644,তীব্র খাদ্যাভাব দেখা দেয়
/media/shamim/New Volume/content/nl/MP3/wav/46cb904368.wav,89644,সব কাহার চরণে
/media/shamim/New Volume/content/nl/MP3/wav/40f8629f2d.wav,124844,মোট পাঁচজনকে আসামি করা হয়
/media/shamim/New Volume/content/nl/MP3/wav/4eb6441819.wav,102400,পরিচয় হওয়ার
/media/shamim/New Volume/content/nl/MP3/wav/4b087ccf01.wav,140844,কণ্ঠশিল্পী মনির খান
/media/shamim/New Volume/content/nl/MP3/wav/4a0f9667ff.wav,214444,অবকাঠামোগত উন্নয়নে
/media/shamim/New Volume/content/nl/MP3/wav/4ac2643633.wav,86444,সন্দেহের তালিকার
/media/shamim/New Volume/content/nl/MP3/wav/46ae0a9b31.wav,86444,কান্না থামছে না
/media/shamim/New Volume/content/nl/MP3/wav/4a23957bcf.wav,122880,আউভার্জেন অঞ্চলে
/media/shamim/New Volume/content/nl/MP3/wav/44e7741f48.wav,121644,কিন্তু ইতিহাসের কোথাও
/media/shamim/New Volume/content/nl/MP3/wav/4d433620f4.wav,128044,তোমাদের যেন কষ্ট না হয়
/media/shamim/New Volume/content/nl/MP3/wav/44ad8f0141.wav,92844,রাজমা দিয়ে
/media/shamim/New Volume/content/nl/MP3/wav/486e0231df.wav,70444,শিরোনামহীন
/media/shamim/New Volume/content/nl/MP3/wav/44444f2fdc.wav,86444,সেই মুহূর্তে
/media/shamim/New Volume/content/nl/MP3/wav/47b2bcfbf2.wav,80044,সঠিক জবাব মানেই
/media/shamim/New Volume/content/nl/MP3/wav/482d401c02.wav,134444,আমাদের চিন্তাভাবনার কথা
/media/shamim/New Volume/content/nl/MP3/wav/42a3427162.wav,96044,তাদের রবিবারের
/media/shamim/New Volume/content/nl/MP3/wav/46e2fd1d37.wav,128044,মন খারাপ করে
/media/shamim/New Volume/content/nl/MP3/wav/45af1813c7.wav,134444,রবীন্দ্রনাথ একটি প্রথার নাম
/media/shamim/New Volume/content/nl/MP3/wav/4d2c1da808.wav,134444,বন সৃজন ও রক্ষার্থে
/media/shamim/New Volume/content/nl/MP3/wav/472e86ae11.wav,172844,পাপেভরা অশুভ
/media/shamim/New Volume/content/nl/MP3/wav/4622003d23.wav,96044,শুক্রবার এই দুই তারকার
/media/shamim/New Volume/content/nl/MP3/wav/4ded565dea.wav,102444,ব্যবহার করেন নি
/media/shamim/New Volume/content/nl/MP3/wav/46f1be72e0.wav,83244,রাখাইন জমিদার কন্যা
/media/shamim/New Volume/content/nl/MP3/wav/4ccc088306.wav,99244,বিজ্ঞানী পি বায়েন
/media/shamim/New Volume/content/nl/MP3/wav/4d221c1654.wav,80044,খুব মজা করছি
/media/shamim/New Volume/content/nl/MP3/wav/44ba4d700d.wav,144044,গানেও পাবেন ঠিক
/media/shamim/New Volume/content/nl/MP3/wav/4d0b10593e.wav,76844,হিজড়া ছবি
/media/shamim/New Volume/content/nl/MP3/wav/4438975b77.wav,166444,স্যার এক ০ মিনিট পুরো লাগেনি
/media/shamim/New Volume/content/nl/MP3/wav/4e97120f19.wav,70444,একটু দেখল
/media/shamim/New Volume/content/nl/MP3/wav/49d50acf0a.wav,134444,শিশু এখনও নিখোঁজ
/media/shamim/New Volume/content/nl/MP3/wav/4d914418a5.wav,60844,তারা আছেন
/media/shamim/New Volume/content/nl/MP3/wav/48d06a69dd.wav,80044,এ রকম গল্প
/media/shamim/New Volume/content/nl/MP3/wav/4aba891185.wav,112044,এখন অসুস্থ হয়ে
/media/shamim/New Volume/content/nl/MP3/wav/47c49d1f1f.wav,128044,স্কুলে স্কুলে ট্যাবলেট দেবার
/media/shamim/New Volume/content/nl/MP3/wav/44bd384298.wav,108844,আলোচনা সমালোচনার কেন্দ্রবিন্দুতে
/media/shamim/New Volume/content/nl/MP3/wav/4ea7b960a7.wav,99244,কিছু নাম উঠে এসেছে
/media/shamim/New Volume/content/nl/MP3/wav/4543daae3b.wav,29089,চলে গেল অমলারা
/media/shamim/New Volume/content/nl/MP3/wav/47f95bc882.wav,108844,শহরতলীর রাধানগর এলাকায়
/media/shamim/New Volume/content/nl/MP3/wav/4a54012a37.wav,121644,অবতার বলা হয়
/media/shamim/New Volume/content/nl/MP3/wav/4b30b8c195.wav,137644,অ্যালুমিনিয়াম প্রকৃতিতে
/media/shamim/New Volume/content/nl/MP3/wav/48e0b6382a.wav,137644,ভোর সকালে ঘুম ভাঙ্গলে
/media/shamim/New Volume/content/nl/MP3/wav/4292a9e386.wav,67244,নিজের ক্ষেত্রে
/media/shamim/New Volume/content/nl/MP3/wav/4fb166a0df.wav,147244,এক ছয়  দশমিক ৭নয় শতাংশ
/media/shamim/New Volume/content/nl/MP3/wav/46cd4d0292.wav,172844,অগ্নি বরণ নাগ নাগিনী
/media/shamim/New Volume/content/nl/MP3/wav/4439dd9328.wav,121644,নানা হজ্ব থেকে ফিরে এসে
/media/shamim/New Volume/content/nl/MP3/wav/44dc3a4aa5.wav,112044,ধরে রাখতে পারে না
/media/shamim/New Volume/content/nl/MP3/wav/4469253bb7.wav,96044,গরম হইয়া উঠিল
/media/shamim/New Volume/content/nl/MP3/wav/4fa5d07f98.wav,102444,সামনের জানালা দিয়ে
/media/shamim/New Volume/content/nl/MP3/wav/4edbd6ac79.wav,86444,দ্বারা পরিবর্তন
/media/shamim/New Volume/content/nl/MP3/wav/483febd363.wav,86444,চামড়া শিল্প
/media/shamim/New Volume/content/nl/MP3/wav/49cd7aad81.wav,105644,আট পয়েন্ট এগিয়ে আছে
/media/shamim/New Volume/content/nl/MP3/wav/40e315e47b.wav,91223,কেউ জানত না
/media/shamim/New Volume/content/nl/MP3/wav/447c67ba55.wav,61820,নদীর তীরে ধান ক্ষেত
/media/shamim/New Volume/content/nl/MP3/wav/4cdbef1c22.wav,39293,অনন্ত নিঝুমতা
/media/shamim/New Volume/content/nl/MP3/wav/4a37576e66.wav,108844,প্রধানমন্ত্রীর কার্যালয়ে
/media/shamim/New Volume/content/nl/MP3/wav/4c8590e890.wav,105644,চৈতালি মরে গেলেও
/media/shamim/New Volume/content/nl/MP3/wav/4ee31e37d4.wav,131244,ছোটবেলা থেকেই তিনি বেড়ে উঠেছেন
/media/shamim/New Volume/content/nl/MP3/wav/4dcebe9b58.wav,137644,অ্যালাউড না
/media/shamim/New Volume/content/nl/MP3/wav/46dcf06dc3.wav,89644,তিনি নেপালি রাজনীতিবিদ
/media/shamim/New Volume/content/nl/MP3/wav/4b6495d6c7.wav,99244,আধুনিক সব স্থাপনা
/media/shamim/New Volume/content/nl/MP3/wav/4bc834e5e9.wav,96044,গোল্লাছুট খেলা
/media/shamim/New Volume/content/nl/MP3/wav/44c426e0e6.wav,156844,জোটে বহু বন্ধু
/media/shamim/New Volume/content/nl/MP3/wav/4cfef43237.wav,112044,সে কি আমিই না আর কেউ
/media/shamim/New Volume/content/nl/MP3/wav/43437b3bdc.wav,128044,ডিজিটাল ক্যামেরায় ছবি বানিয়ে
/media/shamim/New Volume/content/nl/MP3/wav/4cf945ab76.wav,73644,বৃষ্টি পড়ে
/media/shamim/New Volume/content/nl/MP3/wav/4c1d24ea47.wav,140844,ইন্টার্নি ডাক্তারদের হাতাহাতির জেরে
/media/shamim/New Volume/content/nl/MP3/wav/4c16ad8aa3.wav,137644,দেশটির আয়তন প্রায়
/media/shamim/New Volume/content/nl/MP3/wav/45ebf02d87.wav,83244,দান করলাম
/media/shamim/New Volume/content/nl/MP3/wav/4fd4f93df3.wav,105644,আবারও একতাবদ্ধ হয়ে
/media/shamim/New Volume/content/nl/MP3/wav/468568f059.wav,73644,মূল কারণ
/media/shamim/New Volume/content/nl/MP3/wav/4aab465c68.wav,92844,আমার যাহা বক্তব্য
/media/shamim/New Volume/content/nl/MP3/wav/4b833adf85.wav,195244,তোমার সব ভালো লাগে কিন্তু তোমার হিজড়ার মতো নাচ আমার ভালো লাগে না
/media/shamim/New Volume/content/nl/MP3/wav/458005bb83.wav,84145,প্রধানতম পুঁথিগুলিতে
/media/shamim/New Volume/content/nl/MP3/wav/4a1611dc9b.wav,80044,ওই বীজ রোপনের
/media/shamim/New Volume/content/nl/MP3/wav/44c2836d82.wav,80044,বাগে আনতে
/media/shamim/New Volume/content/nl/MP3/wav/47b4e37f4b.wav,160044,এদিকে গত এক ছয়  নভেম্বর
/media/shamim/New Volume/content/nl/MP3/wav/49a5194f1f.wav,105644,ব্যবস্থা নিন
/media/shamim/New Volume/content/nl/MP3/wav/46d25a4b81.wav,121644,অর্থনৈতিক ও সামাজিক উন্নয়ন
/media/shamim/New Volume/content/nl/MP3/wav/4e41550ede.wav,115244,ক্রিকেট বোর্ডও
/media/shamim/New Volume/content/nl/MP3/wav/4a7d3e8adc.wav,153644,জীবনানন্দের সাতটি তারার তিমির
/media/shamim/New Volume/content/nl/MP3/wav/4b3c5eb8c2.wav,105644,সবকিছু চূড়ান্ত হয়েছে
/media/shamim/New Volume/content/nl/MP3/wav/4a4c2663ec.wav,102444,গান গল্প ও উপন্যাস নিয়ে
/media/shamim/New Volume/content/nl/MP3/wav/47461dc7b0.wav,121644,ফুলবাহারির মার পান খাওয়া
/media/shamim/New Volume/content/nl/MP3/wav/4d50454cfd.wav,105644,বৌকে তুলিয়া খাইয়াইল
/media/shamim/New Volume/content/nl/MP3/wav/45bc6d56d2.wav,96044,করলে দাঁড়ায়
/media/shamim/New Volume/content/nl/MP3/wav/49e77f14f2.wav,105644,নিরাসে প্রবৃত্ত হইলেন
/media/shamim/New Volume/content/nl/MP3/wav/4f4d3b5373.wav,128044,চট্টগ্রামের সিরাজুল ইসলাম
/media/shamim/New Volume/content/nl/MP3/wav/45bee85294.wav,121644,তিন মেপ্রধানমন্ত্রী
/media/shamim/New Volume/content/nl/MP3/wav/4441bd7427.wav,137644,বিষয়গুলো অন্তর্ভুক্ত করে
/media/shamim/New Volume/content/nl/MP3/wav/49d9743884.wav,115244,একটি গমের এক শীষের সঙ্গে
/media/shamim/New Volume/content/nl/MP3/wav/4d1f257d73.wav,92844,সহকারী রিটার্নিং অফিসার
/media/shamim/New Volume/content/nl/MP3/wav/4efa92d656.wav,99244,এ ধরনের চুক্তি
/media/shamim/New Volume/content/nl/MP3/wav/4b716dff7c.wav,128044,প্রয়োজনীয় অবকাঠামোও
/media/shamim/New Volume/content/nl/MP3/wav/45cf2c2735.wav,243244,শাহাবুদ্দিনের দেয়া জবানবন্দি থেকে
/media/shamim/New Volume/content/nl/MP3/wav/4ec4b35371.wav,134444,পুনর্বাসন প্রক্রিয়ার তৃতীয় ধাপ শুরু করবেন
/media/shamim/New Volume/content/nl/MP3/wav/47e82e1c07.wav,105644,মিলি সাধারণত ব্যবহার করেন
/media/shamim/New Volume/content/nl/MP3/wav/42929a0dfa.wav,83244,হয়ে পড়ে
/media/shamim/New Volume/content/nl/MP3/wav/4e43a11154.wav,70444,একজন অন্তত
/media/shamim/New Volume/content/nl/MP3/wav/4d5b86b1bf.wav,121644,বিচারে প্রবৃত্ত হই
/media/shamim/New Volume/content/nl/MP3/wav/4b6f3c3970.wav,83244,তখন পর্যন্ত আমি
/media/shamim/New Volume/content/nl/MP3/wav/45031ae085.wav,16877,কিছুটা ভিন্ন
/media/shamim/New Volume/content/nl/MP3/wav/4f8054f399.wav,86444,দেশেই তৈরি হচ্ছে
/media/shamim/New Volume/content/nl/MP3/wav/4268659423.wav,92844,চাপ অনুভব করতো না
/media/shamim/New Volume/content/nl/MP3/wav/4bb0ff1b2a.wav,131244,ধর্মীয় সংখ্যালঘুদের ওপর
/media/shamim/New Volume/content/nl/MP3/wav/4a3481d53b.wav,147244,ঢাকা রেঞ্জের অতিরিক্ত ডিআইজি
/media/shamim/New Volume/content/nl/MP3/wav/47ed6c3e32.wav,102444,কো্নো কিছুকে বোঝায়
/media/shamim/New Volume/content/nl/MP3/wav/4d5d571f79.wav,70444,বিশ্বাসযোগ্য হতে হবে
/media/shamim/New Volume/content/nl/MP3/wav/45884a7304.wav,131244,বেগুনি চপ ছোলা
/media/shamim/New Volume/content/nl/MP3/wav/48f18b2afb.wav,105644,বাড়ির লোকজনকে জিম্মি করে
/media/shamim/New Volume/content/nl/MP3/wav/4dd911e5be.wav,134444,আমি ঘুমায়া পড়সি
/media/shamim/New Volume/content/nl/MP3/wav/4efa548363.wav,118444,ডেলি দেশের কথা
/media/shamim/New Volume/content/nl/MP3/wav/4da2180709.wav,89644,এক ধনী বেনে থাকে
/media/shamim/New Volume/content/nl/MP3/wav/45f4f4ad27.wav,118444,দেখতে ইচ্ছা করে না
/media/shamim/New Volume/content/nl/MP3/wav/4eb62b2e98.wav,105644,বেশির ভাগ মেয়েই
/media/shamim/New Volume/content/nl/MP3/wav/4c710b498b.wav,67244,আমি সহজে
/media/shamim/New Volume/content/nl/MP3/wav/4c3caa7f77.wav,137644,ঠিক বিশ্বাসযোগ্য লাগছিল না
/media/shamim/New Volume/content/nl/MP3/wav/4a2ce30af6.wav,102444,সনাতন ধর্মের পরিপূরক
/media/shamim/New Volume/content/nl/MP3/wav/4bf63fdefd.wav,160044,হিসাবরক্ষক খান মোহাম্মদ রুহুল আমিন
/media/shamim/New Volume/content/nl/MP3/wav/4ce7066817.wav,70444,ললিপপ
/media/shamim/New Volume/content/nl/MP3/wav/4b78194a1c.wav,67244,বিরোধিতা
/media/shamim/New Volume/content/nl/MP3/wav/47133729c1.wav,99244,সক্রিয় সদস্য শফিকুল ইসলাম
/media/shamim/New Volume/content/nl/MP3/wav/44f5c17714.wav,99244,মানুষের মনের আশা
/media/shamim/New Volume/content/nl/MP3/wav/41b997d2c3.wav,121644,নয় পয়েন্ট নিয়ে
/media/shamim/New Volume/content/nl/MP3/wav/4f9123e559.wav,70444,এটি হবে আমার
/media/shamim/New Volume/content/nl/MP3/wav/4d6d92002f.wav,92844,ম্যাচ শুরু হওয়ার আগে
/media/shamim/New Volume/content/nl/MP3/wav/4e61c3a05d.wav,169644,আমাদের প্রণয়ের সাক্ষী হলো অগ্নিপরীক্ষা
/media/shamim/New Volume/content/nl/MP3/wav/4bb85e21c8.wav,105644,সাক্ষীসহ মোট ৪তিন জনকে
/media/shamim/New Volume/content/nl/MP3/wav/4424c2dbcd.wav,115244,এ মামলা দায়ের থেকে
/media/shamim/New Volume/content/nl/MP3/wav/42e3c1efc6.wav,99244,টানানো রহিয়াছে
/media/shamim/New Volume/content/nl/MP3/wav/46f3c095f9.wav,118444,টিআইবি তাদের সমীক্ষা রিপোর্টে জানিয়েছিল
/media/shamim/New Volume/content/nl/MP3/wav/4a7b7370c3.wav,18460,দায়ী পরিবেশগত
/media/shamim/New Volume/content/nl/MP3/wav/4339c44326.wav,83244,মঙ্গল শোভাযাত্রা বের হয়েছে
/media/shamim/New Volume/content/nl/MP3/wav/4b7791a03f.wav,112044,দিনটি শুভ
/media/shamim/New Volume/content/nl/MP3/wav/4c79a9b42e.wav,99244,সামাজিক যোগাযোগের মাধ্যম হিসেবে
/media/shamim/New Volume/content/nl/MP3/wav/4d819c7b35.wav,115244,আ স্টাডি ইন স্কারলেট
/media/shamim/New Volume/content/nl/MP3/wav/4340d25817.wav,96044,ইতিমধ্যে এ সেবা
/media/shamim/New Volume/content/nl/MP3/wav/4438be5fd6.wav,89644,পদক জিততে পারিনি আমরা
/media/shamim/New Volume/content/nl/MP3/wav/4cb13f4b20.wav,105644,বিবিসি বাংলাকে বলেছেন
/media/shamim/New Volume/content/nl/MP3/wav/4423739548.wav,76844,রিপোর্টের ভিত্তিতে
/media/shamim/New Volume/content/nl/MP3/wav/4e6fc8ae97.wav,70444,লিখেও দিয়েছিলাম
/media/shamim/New Volume/content/nl/MP3/wav/4ba9012d26.wav,86444,লাশটি তার
/media/shamim/New Volume/content/nl/MP3/wav/4a3d878620.wav,75936,বাসটিতে আগুন ধরিয়ে দিলে
/media/shamim/New Volume/content/nl/MP3/wav/4e0b43e530.wav,115244,বিমানটি যোগাযোগ বিচ্ছিন্ন হওয়ার পর
/media/shamim/New Volume/content/nl/MP3/wav/49e5e40b4a.wav,86444,পুড়িয়ে দেয়া হয়েছে
/media/shamim/New Volume/content/nl/MP3/wav/4c75a0dadb.wav,70444,পরের বছর
/media/shamim/New Volume/content/nl/MP3/wav/428185d2e5.wav,128044,ভূমিকা রাখতে পারতো
/media/shamim/New Volume/content/nl/MP3/wav/4d48b62141.wav,73644,গুহার দেয়ালে
/media/shamim/New Volume/content/nl/MP3/wav/4a9134ec49.wav,96044,ফুটপাতেই বসে গেছি
/media/shamim/New Volume/content/nl/MP3/wav/44d0dcc741.wav,185644,ইউক্রেইনপন্থীরা তাদের দপ্তরে ঢুকে
/media/shamim/New Volume/content/nl/MP3/wav/4889ea63e5.wav,118444,এত নাচকাচ কেন
/media/shamim/New Volume/content/nl/MP3/wav/46c33e7fc2.wav,140844,অগ্নিঝরা মার্চে নিজেদের মাঠে
/media/shamim/New Volume/content/nl/MP3/wav/4a29fb95d1.wav,128044,হিপনোটিজম
/media/shamim/New Volume/content/nl/MP3/wav/45beb31312.wav,102444,পর্যটকদের স্বাগত জানাতে গিয়ে
/media/shamim/New Volume/content/nl/MP3/wav/4bd174bbe4.wav,73644,বুকের মধ্যে
/media/shamim/New Volume/content/nl/MP3/wav/4cacc95066.wav,112044,মেয়েরা বসেছেন একটু দূরে
/media/shamim/New Volume/content/nl/MP3/wav/444ea7daf7.wav,153644,যাহা আন্তর্জাতিক ডাক সংস্থা
/media/shamim/New Volume/content/nl/MP3/wav/4bab939cfb.wav,112044,বেইমানি না করার জন্য
/media/shamim/New Volume/content/nl/MP3/wav/476edf372e.wav,147244,আদৌ লভ্য নয়
/media/shamim/New Volume/content/nl/MP3/wav/430b19cf9e.wav,105644,ফেসবুকের স্বীকৃতিপ্রাপ্ত
/media/shamim/New Volume/content/nl/MP3/wav/42c5d489e0.wav,108844,ধর্মের প্রধান ভাগই
/media/shamim/New Volume/content/nl/MP3/wav/4218fd22d7.wav,144044,তবে বিভিন্ন সময়ে
/media/shamim/New Volume/content/nl/MP3/wav/49c7a291e4.wav,115244,ফাতেহা পাঠ ও আলোচনা সভা
/media/shamim/New Volume/content/nl/MP3/wav/4af4d70513.wav,108844,নূর মোহাম্মদ জানতে পারেন
/media/shamim/New Volume/content/nl/MP3/wav/4c59bb9c53.wav,92844,স্টেশনমাস্টার চলে গেল
/media/shamim/New Volume/content/nl/MP3/wav/4bc94ffee8.wav,86444,খারাপ ছেলেরা খুব সহজেই
/media/shamim/New Volume/content/nl/MP3/wav/46e1110cd4.wav,105644,তাই তিনি এক ৯৭চার সালে
/media/shamim/New Volume/content/nl/MP3/wav/41bf2f7290.wav,112044,রাতে জেট ক্যাপসুল থেকে
/media/shamim/New Volume/content/nl/MP3/wav/4f74857943.wav,128044,সেই আয়াতটি অর্থাৎ
/media/shamim/New Volume/content/nl/MP3/wav/4b4a0286cb.wav,83244,রাজনৈতিক অঙ্গনে ব্যাপক
/media/shamim/New Volume/content/nl/MP3/wav/4e77d56a3e.wav,112044,কৃষ্ণ ভ্রমে
/media/shamim/New Volume/content/nl/MP3/wav/4a01491025.wav,211244,সনি লিস্টনকে হারিয়ে দিলেন
/media/shamim/New Volume/content/nl/MP3/wav/4ea6cc57ff.wav,112044,তা সত্বেও গেমস সংক্রান্ত
/media/shamim/New Volume/content/nl/MP3/wav/46fd2dcc5b.wav,128044,নোকিয়া এন্ড্রয়েড
/media/shamim/New Volume/content/nl/MP3/wav/4abe393d80.wav,124844,কচুরিপানার শুকনো বৃন্ত দিয়ে
/media/shamim/New Volume/content/nl/MP3/wav/4b354696a9.wav,83244,বাকি যে অর্থ থাকবে
/media/shamim/New Volume/content/nl/MP3/wav/4e7dac97a2.wav,227244,চুল আলতোভাবে ঘষে ঘষে
/media/shamim/New Volume/content/nl/MP3/wav/4a6ffbc376.wav,70444,না ভাবুক
/media/shamim/New Volume/content/nl/MP3/wav/4d60f3793b.wav,89644,ধর্ষণ করে
/media/shamim/New Volume/content/nl/MP3/wav/4bdcbaa4aa.wav,118444,একটা হিন্দু মন্দির
/media/shamim/New Volume/content/nl/MP3/wav/4cb2093767.wav,121644,এদেশের শিক্ষা ব্যবস্থা
/media/shamim/New Volume/content/nl/MP3/wav/4b4adbccb2.wav,121644,এ ঘটনায় তার স্বামী
/media/shamim/New Volume/content/nl/MP3/wav/4eb7b27bbf.wav,102444,কর্তৃক নিজ সন্তানের
/media/shamim/New Volume/content/nl/MP3/wav/42f8bee76b.wav,86444,চোখেও দেখে নি
/media/shamim/New Volume/content/nl/MP3/wav/45cb177fa9.wav,89644,দেশীয় চলচ্চিত্রের ক্ষেত্রে
/media/shamim/New Volume/content/nl/MP3/wav/4773287769.wav,76844,জিডি করেন
/media/shamim/New Volume/content/nl/MP3/wav/4d01f7c93f.wav,105644,রাস্তাটি ছিল
/media/shamim/New Volume/content/nl/MP3/wav/4d073a27ac.wav,99244,একটা সময় গান দিয়ে
/media/shamim/New Volume/content/nl/MP3/wav/449ebc681c.wav,99244,একটি তিনতলা ভবনে
/media/shamim/New Volume/content/nl/MP3/wav/49ce52ecce.wav,240044,বৃহস্পতিবার মাঝরাত থেকে মিরপুর ও কাফরুল এলাকায় অভিযান চালিয়ে বেশ কিছু লোককে গ্রেফতার করা হয়।
/media/shamim/New Volume/content/nl/MP3/wav/485f4d3d8a.wav,96044,বেরিয়ে যায় ঘর থেকে
/media/shamim/New Volume/content/nl/MP3/wav/42a36536cf.wav,137644,তবে মার্কিন যুক্তরাষ্ট্র
/media/shamim/New Volume/content/nl/MP3/wav/417674990c.wav,137644,এদেরকে বলে রেডিও আইসোটোপ
/media/shamim/New Volume/content/nl/MP3/wav/4f3bd7ee2a.wav,25696,তালিবাবাদ ভূ উপগ্রহ কেন্দ্রসংলগ্ন
/media/shamim/New Volume/content/nl/MP3/wav/450ef0a6a2.wav,288044,আমন্ত্রণ জানিয়ে
/media/shamim/New Volume/content/nl/MP3/wav/4b6b7772f8.wav,108844,পছন্দসই পতিতাদের
/media/shamim/New Volume/content/nl/MP3/wav/4b69aba481.wav,134444,প্রথম পর্বে তিন দুই ব্যবধানে
/media/shamim/New Volume/content/nl/MP3/wav/4c0e2d15b8.wav,105644,আগামী ছয় মাস
/media/shamim/New Volume/content/nl/MP3/wav/46616fb82e.wav,86444,করতোয়া
/media/shamim/New Volume/content/nl/MP3/wav/4502399d2d.wav,92844,ব্যাট করার সময়
/media/shamim/New Volume/content/nl/MP3/wav/41268aff08.wav,160044,বিএসএফের তিন রক্ষীর বিরুদ্ধে
/media/shamim/New Volume/content/nl/MP3/wav/47e24a4fce.wav,256044,লেখকেরা পরিবেশন করেছেন
/media/shamim/New Volume/content/nl/MP3/wav/47f5cd88a0.wav,108844,স্থানীয় থানা পুলিশের কাছে
/media/shamim/New Volume/content/nl/MP3/wav/47d8a4f2f2.wav,71522,বাজার থেকে
/media/shamim/New Volume/content/nl/MP3/wav/4df9a65bf7.wav,67244,সে সীমান্তে গড়ে তুলেছেন
/media/shamim/New Volume/content/nl/MP3/wav/421af4f2b9.wav,73644,নতুন একটি খাল খননের
/media/shamim/New Volume/content/nl/MP3/wav/4ceebaafc5.wav,105644,অস্ট্রেলিয়ার মহিলা ক্রিকেট দল
/media/shamim/New Volume/content/nl/MP3/wav/4ce78d2836.wav,105644,প্রতিদিন লক্ষ লক্ষ টন
/media/shamim/New Volume/content/nl/MP3/wav/41218b5ad8.wav,102444,হিন্দু মহাসভার
/media/shamim/New Volume/content/nl/MP3/wav/47c9aa73a9.wav,131244,মুক্তিপণ দাবি করা হয়েছে বলে
/media/shamim/New Volume/content/nl/MP3/wav/4f2e94b091.wav,89644,গতকাল আসতে দেখা গেল
/media/shamim/New Volume/content/nl/MP3/wav/415073fc26.wav,96044,নিজেরা টিকিট বিক্রি করছি
/media/shamim/New Volume/content/nl/MP3/wav/446447790f.wav,147244,আর এক ঘন্টা চলা
/media/shamim/New Volume/content/nl/MP3/wav/423ec943d6.wav,86444,তাদের বুকে
/media/shamim/New Volume/content/nl/MP3/wav/4ba281b102.wav,156844,কোরি এণ্ডারসনকে
/media/shamim/New Volume/content/nl/MP3/wav/4f92aee322.wav,140844,ইজিবাইক উল্টে
/media/shamim/New Volume/content/nl/MP3/wav/4af9f87161.wav,99244,দলের সমর্থকরা
/media/shamim/New Volume/content/nl/MP3/wav/4276b49d22.wav,29089,এই সার্ভিস ক্যাম্পগুলো
/media/shamim/New Volume/content/nl/MP3/wav/4260f35d6d.wav,96044,ভিক্ষা করিলেই হইল
/media/shamim/New Volume/content/nl/MP3/wav/4a624167f7.wav,128044,নারীদের সমন্বয়ে
/media/shamim/New Volume/content/nl/MP3/wav/4d641a4688.wav,870000,অনুষ্ঠানের মাঝামাঝি নাগাদ
/media/shamim/New Volume/content/nl/MP3/wav/4612465bcf.wav,192044,যা পারেননি
/media/shamim/New Volume/content/nl/MP3/wav/4b519a3f4a.wav,61820,করে থাকে
/media/shamim/New Volume/content/nl/MP3/wav/45eae9f782.wav,108844,নিজেই আঁকতেন
/media/shamim/New Volume/content/nl/MP3/wav/48a7bbe3d1.wav,73644,আগ্রহ তৈরি করবে
/media/shamim/New Volume/content/nl/MP3/wav/468b19b542.wav,108844,এম উমর ফারুক
/media/shamim/New Volume/content/nl/MP3/wav/47acafeda3.wav,147244,ডাকসুর সহ সভাপতি ছিলেন
/media/shamim/New Volume/content/nl/MP3/wav/47336b12be.wav,105644,তবে আটকের পর রিজভী
/media/shamim/New Volume/content/nl/MP3/wav/4ea16a3e1d.wav,102444,তৃতীয় স্থান অধিকার করেছে
/media/shamim/New Volume/content/nl/MP3/wav/4a6748542e.wav,112044,কি ধর্ষক-নিপীড়ক নেই?
/media/shamim/New Volume/content/nl/MP3/wav/4ef65f5b70.wav,112044,জানালেন পরিস্থিতির কারণেই
/media/shamim/New Volume/content/nl/MP3/wav/4a2ac8f1fb.wav,99244,আন্দোলন চালিয়ে যেতে হবে
/media/shamim/New Volume/content/nl/MP3/wav/4fe51905c2.wav,73644,লোহার বালা
/media/shamim/New Volume/content/nl/MP3/wav/4e62a90938.wav,105644,লাইফ অ্যান্ড স্টাইল ম্যাগাজিন
/media/shamim/New Volume/content/nl/MP3/wav/49ca0dd95e.wav,115244,রাজধানীর আজিমপুর
/media/shamim/New Volume/content/nl/MP3/wav/4be9a2a1b0.wav,12702,দিপিকা পাডুকোন
/media/shamim/New Volume/content/nl/MP3/wav/480d893c7b.wav,86444,সাত কর্মদিবসের মধ্যে
/media/shamim/New Volume/content/nl/MP3/wav/46ba5fc10d.wav,92844,বাংলাভাষী মুসলমানদের
/media/shamim/New Volume/content/nl/MP3/wav/47f61f9d2f.wav,150444,সোনারগাঁওয়ে আইনজীবী চন্দন সরকারের
/media/shamim/New Volume/content/nl/MP3/wav/4ee1b05d55.wav,80044,বৈশাখি মেলা চলাকালীন সময়ে
/media/shamim/New Volume/content/nl/MP3/wav/4e1e947e84.wav,144044,এই সরকারের মেয়াদের
/media/shamim/New Volume/content/nl/MP3/wav/4786d60f79.wav,99244,প্রকাশের পর থেকে
/media/shamim/New Volume/content/nl/MP3/wav/45e8695749.wav,160044,পাঁচকড়ি দে এক ৮৭তিন খৃষ্টাব্দে
/media/shamim/New Volume/content/nl/MP3/wav/4d2763ce71.wav,144044,সাম্প্রদায়িক সম্প্রীতিকে তারা
/media/shamim/New Volume/content/nl/MP3/wav/4c94f335ce.wav,80044,এসব চা বাগানগুলোতে
/media/shamim/New Volume/content/nl/MP3/wav/4f8a7eb164.wav,86444,বড় মূল্য দিতে হয়েছিল
/media/shamim/New Volume/content/nl/MP3/wav/4e97b76204.wav,128044,এক ৯এক আট সালের পুরোনো
/media/shamim/New Volume/content/nl/MP3/wav/4b19164e77.wav,89644,বড়দের প্রতি নন
/media/shamim/New Volume/content/nl/MP3/wav/444688d3a2.wav,118444,হত্যা ও বিস্ফোরক আইনে
/media/shamim/New Volume/content/nl/MP3/wav/4c8b635827.wav,128044,ফেটানো ডিম এক টি
/media/shamim/New Volume/content/nl/MP3/wav/4f5fc9724e.wav,86444,কবে প্রণীত হয়
/media/shamim/New Volume/content/nl/MP3/wav/44aa1af260.wav,92844,গুলি ছুড়তে থাকে
/media/shamim/New Volume/content/nl/MP3/wav/4218155172.wav,140844,নন্দিনী ছুটে গিয়েছে দীপুর কাছে
/media/shamim/New Volume/content/nl/MP3/wav/4e8043e4df.wav,134444,বর্তমানে স্থানীয় হাটবাজারে
/media/shamim/New Volume/content/nl/MP3/wav/4b59e11bb7.wav,13444,অপভ্রংশ শব্দটির
/media/shamim/New Volume/content/nl/MP3/wav/4cdaca66e5.wav,105644,অবশ্য পাওয়া গেল
/media/shamim/New Volume/content/nl/MP3/wav/4d1cd56db4.wav,99244,তিনি জনপ্রিয় হয়ে উঠেন
/media/shamim/New Volume/content/nl/MP3/wav/4ed14080b5.wav,108844,না পারলে নিজেই
/media/shamim/New Volume/content/nl/MP3/wav/4af828fc9a.wav,89644,যখন সকল জন
/media/shamim/New Volume/content/nl/MP3/wav/4d00a1e9af.wav,140844,পবিত্র মাহাতো আনুষ্ঠানিকভাবে
/media/shamim/New Volume/content/nl/MP3/wav/4b73e87b6f.wav,137644,অবস্থানের সামনে থাকা জ্যেষ্ঠ কর্মকর্তারা
/media/shamim/New Volume/content/nl/MP3/wav/476184daa7.wav,128044,দুপুরের খাবার
/media/shamim/New Volume/content/nl/MP3/wav/4c9d44223f.wav,115244,একদিন ছুটির সকালে
/media/shamim/New Volume/content/nl/MP3/wav/4e09a3c2b5.wav,147244,রক্তজবাকেও খুনজবা বলা
/media/shamim/New Volume/content/nl/MP3/wav/48b8ec5318.wav,80044,খুবই সহায়ক হবে
/media/shamim/New Volume/content/nl/MP3/wav/46b21edb2d.wav,115244,তারপর ঘটাং শব্দ হলো
/media/shamim/New Volume/content/nl/MP3/wav/4b4fd75927.wav,355244,মালিকপক্ষের সহযোগিতা থাকলে শ্রমিকেরা সুসংগঠিত হয়ে ট্রেড ইউনিয়ন গঠন করতে পারবে।
/media/shamim/New Volume/content/nl/MP3/wav/4715dd4946.wav,96044,তিন দিন আগের কেনা
/media/shamim/New Volume/content/nl/MP3/wav/4e329b2019.wav,108844,এত বিভিন্ন যে
/media/shamim/New Volume/content/nl/MP3/wav/488e881820.wav,297644,গত শনিবার পটুয়াখালীতে যাত্রীবাহী একটি লঞ্চ ডুবে দশজনেরও বেশি মানুষ নিহত হয়েছেন।
/media/shamim/New Volume/content/nl/MP3/wav/4f211036e2.wav,70444,উদ্ভাস
/media/shamim/New Volume/content/nl/MP3/wav/40fd3a1333.wav,92844,ভালো
/media/shamim/New Volume/content/nl/MP3/wav/4b969462c6.wav,115244,দুই প্লাটুন বিজিবি
/media/shamim/New Volume/content/nl/MP3/wav/42acec636a.wav,73644,আজ সন্ধ্যায়
/media/shamim/New Volume/content/nl/MP3/wav/4faabd542c.wav,80044,বাবুর নিকট হইতে
/media/shamim/New Volume/content/nl/MP3/wav/41865d1710.wav,131244,মেজবা।
/media/shamim/New Volume/content/nl/MP3/wav/4840cfaccd.wav,128044,এক ৮৯নয় সাল পর্যন্ত
/media/shamim/New Volume/content/nl/MP3/wav/4cd7cf663c.wav,172844,তারপর এলিসের দিকে ফিরে
/media/shamim/New Volume/content/nl/MP3/wav/4186d118d9.wav,86444,আশিয়ান সিটির
/media/shamim/New Volume/content/nl/MP3/wav/46ea875fbb.wav,99244,টসে জিতে বাংলাদেশ নেপালকে
/media/shamim/New Volume/content/nl/MP3/wav/4c06a17b0a.wav,291244,তিনি বলেন রামপাল বিদ্যুৎ কেন্দ্র নিয়ে অনেকে এমন মতামত দিয়েছেন যেটা তার ধারণার সঙ্গে মেলে না।
/media/shamim/New Volume/content/nl/MP3/wav/4cc4da1b59.wav,233644,ইংল্যান্ড আক্রমণাত্মক ব্যাটিং করে ছয়  উইকেটে এক ৭দুই রান করে।
/media/shamim/New Volume/content/nl/MP3/wav/485f17952f.wav,83244,কোন কেন্দ্র থেকেই
/media/shamim/New Volume/content/nl/MP3/wav/45b3a34836.wav,105644,তাদের প্রথম চাওয়া
/media/shamim/New Volume/content/nl/MP3/wav/453af3373b.wav,131244,ঢাকার বাসগুলির সেবার মান
/media/shamim/New Volume/content/nl/MP3/wav/4efaad53e6.wav,108844,ঈদের কেনাকাটার
/media/shamim/New Volume/content/nl/MP3/wav/4b6448b43d.wav,76844,অনেক সদস্য
/media/shamim/New Volume/content/nl/MP3/wav/417727a8c6.wav,76844,লিখতে পারেন
/media/shamim/New Volume/content/nl/MP3/wav/4be02912f7.wav,134444,পলাতক মাহমুদা আক্তার
/media/shamim/New Volume/content/nl/MP3/wav/430d36129c.wav,172844,তিনি ডোমেস্টিক ভায়োলেন্সের ওপর
/media/shamim/New Volume/content/nl/MP3/wav/45dd99fe24.wav,134444,আমাদের ওয়েবপোর্টাল দেখার জন্য
/media/shamim/New Volume/content/nl/MP3/wav/4ca3229876.wav,92844,গোলাপ ফুলের ছবি
/media/shamim/New Volume/content/nl/MP3/wav/4eefcff587.wav,89644,ট্রেনের সময়
/media/shamim/New Volume/content/nl/MP3/wav/4d37726be6.wav,118444,প্রধান ভূমিকা
/media/shamim/New Volume/content/nl/MP3/wav/4a89041a09.wav,76844,নির্মাণ করে গেছেন
/media/shamim/New Volume/content/nl/MP3/wav/45df67b90f.wav,96044,মন্ত্রী ইউসুফ আলী
/media/shamim/New Volume/content/nl/MP3/wav/4e092d3064.wav,156844,কার্তিকের এই মায়াবী বিকেলে
/media/shamim/New Volume/content/nl/MP3/wav/4fbdb11c14.wav,137644,জীবন ধারণ করা
/media/shamim/New Volume/content/nl/MP3/wav/46de827491.wav,96044,রাখা হয়েছিল
/media/shamim/New Volume/content/nl/MP3/wav/49e18622f7.wav,108844,সময় শেষ হয়ে যায়নি
/media/shamim/New Volume/content/nl/MP3/wav/45e74164f7.wav,131244,ডাসা নিয়ে আসেন
/media/shamim/New Volume/content/nl/MP3/wav/4322eb8257.wav,89644,নিউইয়র্ক ভিত্তিক
/media/shamim/New Volume/content/nl/MP3/wav/44cc2978b8.wav,108844,আজ গণভোট হচ্ছে
/media/shamim/New Volume/content/nl/MP3/wav/4ad9f1a6ba.wav,105644,এক ৫০০ টাকার মধ্যে
/media/shamim/New Volume/content/nl/MP3/wav/4f82f7c4ca.wav,73644,জীবন থেকে
/media/shamim/New Volume/content/nl/MP3/wav/4a380b3d66.wav,121644,তারে তারে বা পত্রে পত্রে
/media/shamim/New Volume/content/nl/MP3/wav/4b24add058.wav,118444,জাতিসংঘের কয়েকটি সদস্য দেশের প্রতিনিধি
/media/shamim/New Volume/content/nl/MP3/wav/48bd2d4dcb.wav,89644,নিবন্ধ ছাপা হয়েছে
/media/shamim/New Volume/content/nl/MP3/wav/424e898994.wav,18460,অপূর্ব সুষমামণ্ডিত চিত্রধারার অঙ্গনটি
/media/shamim/New Volume/content/nl/MP3/wav/4c6631d8c4.wav,114688,অভিযোগ উঠেছিল
/media/shamim/New Volume/content/nl/MP3/wav/4c5550776d.wav,76844,নতুন সরকার আসার পর
/media/shamim/New Volume/content/nl/MP3/wav/4751ffd803.wav,128044,সেকেন্ড পার্ট
/media/shamim/New Volume/content/nl/MP3/wav/4e5e4c42b0.wav,124844,শ্ক্ষিার পরিবেশ বিঘ্নিত করে
/media/shamim/New Volume/content/nl/MP3/wav/4f27c82412.wav,124844,বিস্ফোরিত বোমার শব্দে
/media/shamim/New Volume/content/nl/MP3/wav/49126ce00c.wav,147244,কর্তাব্যক্তিদের ওপর
/media/shamim/New Volume/content/nl/MP3/wav/42f470d1db.wav,83244,ক্রয় নীতিতে
/media/shamim/New Volume/content/nl/MP3/wav/4a925dd338.wav,112044,বিজ্ঞানীদের হিসেব মতো
/media/shamim/New Volume/content/nl/MP3/wav/41fbe3d47f.wav,73644,দা সাইন ওব ফোর
/media/shamim/New Volume/content/nl/MP3/wav/41840ec4db.wav,67244,অটো লাইক
/media/shamim/New Volume/content/nl/MP3/wav/4e90648816.wav,131244,চেমনে দুখতারিতে
/media/shamim/New Volume/content/nl/MP3/wav/4e55ad80e9.wav,131244,আংটি খুঁজে পাননি তিনি
/media/shamim/New Volume/content/nl/MP3/wav/4bf983f224.wav,112044,সর্বোচ্চ ৪০ হাজার টাকা
/media/shamim/New Volume/content/nl/MP3/wav/4c66836bad.wav,70444,শুভ সন্ধ্যা
/media/shamim/New Volume/content/nl/MP3/wav/4b18d34b0f.wav,105644,মুক্তিযুদ্ধের একটি অনন্য স্মারক
/media/shamim/New Volume/content/nl/MP3/wav/41ec71964a.wav,48044,আর কাউকে
/media/shamim/New Volume/content/nl/MP3/wav/47203ac25b.wav,128044,বাস মানচিত্রটি ফেসবুক
/media/shamim/New Volume/content/nl/MP3/wav/47302e8a9c.wav,208044,বরিশাল পলিটেকনিক ইনস্টিটিউটের
/media/shamim/New Volume/content/nl/MP3/wav/45fdd0edd7.wav,99244,সহজ পর্যবেক্ষণে কী ভাবে
/media/shamim/New Volume/content/nl/MP3/wav/4e8f3d8798.wav,89644,মালিক শ্রমিক
/media/shamim/New Volume/content/nl/MP3/wav/4f06a76dd6.wav,83244,তিনি সর্বমহলে
/media/shamim/New Volume/content/nl/MP3/wav/4afd07c5f8.wav,73644,আন্দোলন করতে পারিনা
/media/shamim/New Volume/content/nl/MP3/wav/473f27ca5d.wav,118444,মুক্ত ইলেকট্রন বলে
/media/shamim/New Volume/content/nl/MP3/wav/47524f40ab.wav,64044,কর্মচারী হিসেবে
/media/shamim/New Volume/content/nl/MP3/wav/40fb289144.wav,99244,শিহরণ জাগে
/media/shamim/New Volume/content/nl/MP3/wav/49de355e03.wav,89644,৫০ বছরের বেশি
/media/shamim/New Volume/content/nl/MP3/wav/4c3ea77154.wav,89644,অ্যাকুয়াস হিউমার
/media/shamim/New Volume/content/nl/MP3/wav/48528021eb.wav,137644,গেজেট প্রকাশের বিষয়টি নিশ্চিত করেছেন
/media/shamim/New Volume/content/nl/MP3/wav/4a0d8d7441.wav,137644,কোর্টতো সংশোধন করে নাই
/media/shamim/New Volume/content/nl/MP3/wav/48f43fc0c0.wav,156844,আত্মরক্ষার প্রয়োজনটাই
/media/shamim/New Volume/content/nl/MP3/wav/4e4aa90283.wav,176044,ক্লিষ্ট লীলা শেষ পর্যন্ত
/media/shamim/New Volume/content/nl/MP3/wav/48de88b616.wav,76844,এদিকে গত সরকারের
/media/shamim/New Volume/content/nl/MP3/wav/4ec92ff5de.wav,83244,ক্রেতার সংখ্যা বাড়বে
/media/shamim/New Volume/content/nl/MP3/wav/4fb27067eb.wav,67244,পড়ে থাকার পর
/media/shamim/New Volume/content/nl/MP3/wav/4dbf474f14.wav,131244,নিজের ভাগ্য
/media/shamim/New Volume/content/nl/MP3/wav/4ea46f3d94.wav,99244,তার ছেলের লাশ নিয়েগেছে
/media/shamim/New Volume/content/nl/MP3/wav/4d10c0a8bc.wav,128044,তার পক্ষে ট্রাইব্যুনালে
/media/shamim/New Volume/content/nl/MP3/wav/477a8c9a79.wav,288044,শিক্ষামন্ত্রী বলেন
/media/shamim/New Volume/content/nl/MP3/wav/45c1907b99.wav,76844,কেউ কেউ আবার
/media/shamim/New Volume/content/nl/MP3/wav/4a91f7b20a.wav,102444,ও খুনের ঘটনায়
/media/shamim/New Volume/content/nl/MP3/wav/4fc7655bb8.wav,188844,বাংলাদেশে এক্ষেত্রে কোন নীতিমালা এখনো নেই।
/media/shamim/New Volume/content/nl/MP3/wav/4124f74108.wav,96044,মন্ত্রীর পারিবারিক কলহের
/media/shamim/New Volume/content/nl/MP3/wav/45eb4b8556.wav,67244,ব্যাংকের গ্রাহকদের
/media/shamim/New Volume/content/nl/MP3/wav/4a5cab4e34.wav,56508,হরতালের কারণে
/media/shamim/New Volume/content/nl/MP3/wav/4ed0f1e135.wav,76844,কী হে বেনভোলিও
/media/shamim/New Volume/content/nl/MP3/wav/4ada36a9e3.wav,121644,কৃষি বিভাগ
/media/shamim/New Volume/content/nl/MP3/wav/4f8fca73c8.wav,188844,যদিও আমাদের সম্পদের
/media/shamim/New Volume/content/nl/MP3/wav/4e2cb554ab.wav,105644,তোমাকে দেখার জন্যে
/media/shamim/New Volume/content/nl/MP3/wav/4c0ec5e83d.wav,99244,আরও অনেক মত আছে
/media/shamim/New Volume/content/nl/MP3/wav/426654662b.wav,96044,নিরাপদে পণ্য পাঠাতে
/media/shamim/New Volume/content/nl/MP3/wav/46e859b3c2.wav,92844,ওদের নববর্ষ ছিল এক  মার্চ
/media/shamim/New Volume/content/nl/MP3/wav/4128b99802.wav,56508,অস্ট্রেলিয়া
/media/shamim/New Volume/content/nl/MP3/wav/4d5a8431e6.wav,14816,বনগাঁর ইছামতী নদী পার হচ্ছিল
/media/shamim/New Volume/content/nl/MP3/wav/48fcf12cb4.wav,83244,এক  হাজার ৭৩৫টি
/media/shamim/New Volume/content/nl/MP3/wav/4ae41e55f4.wav,160044,সাধারণকে নিরাপদে সরিয়ে নেয়ার
/media/shamim/New Volume/content/nl/MP3/wav/4e171b2e02.wav,96044,তার বিশ্বাস
/media/shamim/New Volume/content/nl/MP3/wav/43035bca6d.wav,96044,এধরনের পদক্ষেপ নেয়া
/media/shamim/New Volume/content/nl/MP3/wav/46cd8d6e9f.wav,150444,বড়দের প্রতি ছোটদের শ্রদ্ধাবোধ
/media/shamim/New Volume/content/nl/MP3/wav/4ca04d4a6c.wav,144044,৪/৫টি বাড়িতে আগুন দেয়
/media/shamim/New Volume/content/nl/MP3/wav/4b61a7ac41.wav,156844,সে কখনো রোমানাকে
/media/shamim/New Volume/content/nl/MP3/wav/443d49065b.wav,80518,মদগৃহে গড়পারে
/media/shamim/New Volume/content/nl/MP3/wav/49f83131ae.wav,88654,প্রতিষ্ঠা করেন
/media/shamim/New Volume/content/nl/MP3/wav/4f8abc866b.wav,137644,পাকঘরে ঢুকে
/media/shamim/New Volume/content/nl/MP3/wav/475f4b52ec.wav,64044,ছড়া
/media/shamim/New Volume/content/nl/MP3/wav/465a5ec0eb.wav,77824,দ্বিতীয়বার পাওয়ার
/media/shamim/New Volume/content/nl/MP3/wav/48dc86d007.wav,102444,বিদেশ মন্ত্রক
/media/shamim/New Volume/content/nl/MP3/wav/488f4bc228.wav,137644,আদর্শ মানুষ হওয়ার পেছনে
/media/shamim/New Volume/content/nl/MP3/wav/48b932cf3c.wav,156844,হরতাল প্রত্যাহারেরও আহ্বান জানান তিনি
